name,description,price,quantity,category,tags
Product1,Description1,21.70987332666028,29,Category0,Tag0
Product2,Description2,39.956345468266576,67,Category1,Tag1
Product3,Description3,50.11572763511382,74,Category2,Tag2
Product4,Description4,45.145001047230146,68,Category3,Tag0
Product5,Description5,33.61951503692305,51,Category4,Tag1
Product6,Description6,37.137519962191575,20,Category0,Tag2
Product7,Description7,51.488980500027814,45,Category1,Tag0
Product8,Description8,66.38761616500034,65,Category2,Tag1
Product9,Description9,26.900668970580604,42,Category3,Tag2
Product10,Description10,66.12524046432344,96,Category4,Tag0
Product11,Description11,55.850029817848245,54,Category0,Tag1
Product12,Description12,70.99726286970161,14,Category1,Tag2
Product13,Description13,88.48023936708096,32,Category2,Tag0
Product14,Description14,65.29816502340333,20,Category3,Tag1
Product15,Description15,68.04736468214267,85,Category4,Tag2
Product16,Description16,11.747963187267498,37,Category0,Tag0
Product17,Description17,48.64896155638463,74,Category1,Tag1
Product18,Description18,90.98990920030549,3,Category2,Tag2
Product19,Description19,86.7579199457768,95,Category3,Tag0
Product20,Description20,96.1591523749206,24,Category4,Tag1
Product21,Description21,75.35775798835608,41,Category0,Tag2
Product22,Description22,77.44880680389376,39,Category1,Tag0
Product23,Description23,98.21750564947457,47,Category2,Tag1
Product24,Description24,24.417475100503175,61,Category3,Tag2
Product25,Description25,13.619241087756986,3,Category4,Tag0
Product26,Description26,86.77107023150661,43,Category0,Tag1
Product27,Description27,26.76905265899643,10,Category1,Tag2
Product28,Description28,90.07432899994123,74,Category2,Tag0
Product29,Description29,52.43149980609152,17,Category3,Tag1
Product30,Description30,66.90277030862875,77,Category4,Tag2
Product31,Description31,74.15184190991486,67,Category0,Tag0
Product32,Description32,22.39305530349263,62,Category1,Tag1
Product33,Description33,93.86246920841329,86,Category2,Tag2
Product34,Description34,76.79946332021552,64,Category3,Tag0
Product35,Description35,28.3591840376363,83,Category4,Tag1
Product36,Description36,28.281582768660087,82,Category0,Tag2
Product37,Description37,85.43124921819165,68,Category1,Tag0
Product38,Description38,22.289430535663712,49,Category2,Tag1
Product39,Description39,55.60922299389543,54,Category3,Tag2
Product40,Description40,45.31206783564912,60,Category4,Tag0
Product41,Description41,50.48064358317151,66,Category0,Tag1
Product42,Description42,87.86714056823892,66,Category1,Tag2
Product43,Description43,36.02112580444045,92,Category2,Tag0
Product44,Description44,99.08016924313722,33,Category3,Tag1
Product45,Description45,98.22997888236203,86,Category4,Tag2
Product46,Description46,32.7761783712098,3,Category0,Tag0
Product47,Description47,10.328302170346046,40,Category1,Tag1
Product48,Description48,28.493617981543018,55,Category2,Tag2
Product49,Description49,78.09974778749843,80,Category3,Tag0
Product50,Description50,81.52287901590589,81,Category4,Tag1
Product51,Description51,64.0965605619547,19,Category0,Tag2
Product52,Description52,81.12157168544265,77,Category1,Tag0
Product53,Description53,42.77398484684273,61,Category2,Tag1
Product54,Description54,72.0591805584074,43,Category3,Tag2
Product55,Description55,99.99700561011588,24,Category4,Tag0
Product56,Description56,58.82104492030306,63,Category0,Tag1
Product57,Description57,73.47109185286973,83,Category1,Tag2
Product58,Description58,59.92048613629127,20,Category2,Tag0
Product59,Description59,12.603657138694896,75,Category3,Tag1
Product60,Description60,27.04095540419403,70,Category4,Tag2
Product61,Description61,54.78064851623349,58,Category0,Tag0
Product62,Description62,34.705357451289174,24,Category1,Tag1
Product63,Description63,43.68053772039753,64,Category2,Tag2
Product64,Description64,61.7634085633251,36,Category3,Tag0
Product65,Description65,97.0386228125749,1,Category4,Tag1
Product66,Description66,90.51052280151691,98,Category0,Tag2
Product67,Description67,86.07239366768536,71,Category1,Tag0
Product68,Description68,77.47000862076126,86,Category2,Tag1
Product69,Description69,41.995536377887674,46,Category3,Tag2
Product70,Description70,83.82846163904622,59,Category4,Tag0
Product71,Description71,98.04111707882183,30,Category0,Tag1
Product72,Description72,31.03104404580495,55,Category1,Tag2
Product73,Description73,64.01488037329156,78,Category2,Tag0
Product74,Description74,68.48502023852501,65,Category3,Tag1
Product75,Description75,96.46394625530891,71,Category4,Tag2
Product76,Description76,37.43894404799504,29,Category0,Tag0
Product77,Description77,89.34933910498607,9,Category1,Tag1
Product78,Description78,75.41998251078937,85,Category2,Tag2
Product79,Description79,10.840853116011132,39,Category3,Tag0
Product80,Description80,77.99499732053673,12,Category4,Tag1
Product81,Description81,21.400823146621796,86,Category0,Tag2
Product82,Description82,86.44144277195844,12,Category1,Tag0
Product83,Description83,52.00244777065485,88,Category2,Tag1
Product84,Description84,93.27891762495562,42,Category3,Tag2
Product85,Description85,50.09148739576644,12,Category4,Tag0
Product86,Description86,61.93098333674814,9,Category0,Tag1
Product87,Description87,91.06483153845609,81,Category1,Tag2
Product88,Description88,47.07240966030674,58,Category2,Tag0
Product89,Description89,59.46486300018829,14,Category3,Tag1
Product90,Description90,77.22628986250126,89,Category4,Tag2
Product91,Description91,69.1868818298444,87,Category0,Tag0
Product92,Description92,32.67715435707486,65,Category1,Tag1
Product93,Description93,63.90115063453731,53,Category2,Tag2
Product94,Description94,35.91394406582868,0,Category3,Tag0
Product95,Description95,55.5347454287858,69,Category4,Tag1
Product96,Description96,45.78974661666365,59,Category0,Tag2
Product97,Description97,60.46399967152632,9,Category1,Tag0
Product98,Description98,38.35035920679678,72,Category2,Tag1
Product99,Description99,95.3778058686044,8,Category3,Tag2
Product100,Description100,43.51557952952208,76,Category4,Tag0
Product101,Description101,92.08755987208819,73,Category0,Tag1
Product102,Description102,13.683982654008592,72,Category1,Tag2
Product103,Description103,38.104043585706876,23,Category2,Tag0
Product104,Description104,34.182946825615275,14,Category3,Tag1
Product105,Description105,53.845013226212245,11,Category4,Tag2
Product106,Description106,94.73684770300413,66,Category0,Tag0
Product107,Description107,14.168120353470208,68,Category1,Tag1
Product108,Description108,98.53976351435387,47,Category2,Tag2
Product109,Description109,16.29055411361563,91,Category3,Tag0
Product110,Description110,29.04675136286184,34,Category4,Tag1
Product111,Description111,63.43381205211497,63,Category0,Tag2
Product112,Description112,37.57840779003129,47,Category1,Tag0
Product113,Description113,35.8063072430351,27,Category2,Tag1
Product114,Description114,20.87009391889561,43,Category3,Tag2
Product115,Description115,45.24893704548297,97,Category4,Tag0
Product116,Description116,32.75850802593456,68,Category0,Tag1
Product117,Description117,80.5784242160226,78,Category1,Tag2
Product118,Description118,88.16574213200911,13,Category2,Tag0
Product119,Description119,82.94431408784585,49,Category3,Tag1
Product120,Description120,79.62093436122869,11,Category4,Tag2
Product121,Description121,21.93099290234941,8,Category0,Tag0
Product122,Description122,83.65691394799929,49,Category1,Tag1
Product123,Description123,34.67118231796536,39,Category2,Tag2
Product124,Description124,58.76543233522428,88,Category3,Tag0
Product125,Description125,47.51411728381657,30,Category4,Tag1
Product126,Description126,18.604535288670043,41,Category0,Tag2
Product127,Description127,25.82027868549983,59,Category1,Tag0
Product128,Description128,28.674581758357192,10,Category2,Tag1
Product129,Description129,84.61945714092927,26,Category3,Tag2
Product130,Description130,93.49413342819372,0,Category4,Tag0
Product131,Description131,20.280413679871028,52,Category0,Tag1
Product132,Description132,11.902405987663268,16,Category1,Tag2
Product133,Description133,56.62206549901248,0,Category2,Tag0
Product134,Description134,48.480007694626195,69,Category3,Tag1
Product135,Description135,22.918767462045103,70,Category4,Tag2
Product136,Description136,70.4195663301407,48,Category0,Tag0
Product137,Description137,52.25468240352241,28,Category1,Tag1
Product138,Description138,83.15502240549715,32,Category2,Tag2
Product139,Description139,30.6668767972136,69,Category3,Tag0
Product140,Description140,22.35071385885154,1,Category4,Tag1
Product141,Description141,78.7367808475978,46,Category0,Tag2
Product142,Description142,15.500332599719567,95,Category1,Tag0
Product143,Description143,66.08663429834515,48,Category2,Tag1
Product144,Description144,32.60318775658312,69,Category3,Tag2
Product145,Description145,44.42619316238863,36,Category4,Tag0
Product146,Description146,42.164036128429636,67,Category0,Tag1
Product147,Description147,94.22468410583838,43,Category1,Tag2
Product148,Description148,94.83933739081988,58,Category2,Tag0
Product149,Description149,11.950711388668259,35,Category3,Tag1
Product150,Description150,30.437051696711784,91,Category4,Tag2
Product151,Description151,99.74029922742355,18,Category0,Tag0
Product152,Description152,14.474996620680955,46,Category1,Tag1
Product153,Description153,57.118582638623145,75,Category2,Tag2
Product154,Description154,28.323348566275417,73,Category3,Tag0
Product155,Description155,17.8535408074015,2,Category4,Tag1
Product156,Description156,48.70077170457761,81,Category0,Tag2
Product157,Description157,54.30263324921785,13,Category1,Tag0
Product158,Description158,25.293345461625705,96,Category2,Tag1
Product159,Description159,55.59376901471406,85,Category3,Tag2
Product160,Description160,53.44615066916294,10,Category4,Tag0
Product161,Description161,13.538118019696423,33,Category0,Tag1
Product162,Description162,97.98634835234505,62,Category1,Tag2
Product163,Description163,22.463349725159127,6,Category2,Tag0
Product164,Description164,31.48327810449014,35,Category3,Tag1
Product165,Description165,14.959202939261438,37,Category4,Tag2
Product166,Description166,63.0810478423777,74,Category0,Tag0
Product167,Description167,35.1415194432361,99,Category1,Tag1
Product168,Description168,84.96022072253508,46,Category2,Tag2
Product169,Description169,80.20605596689981,77,Category3,Tag0
Product170,Description170,32.54239071060158,96,Category4,Tag1
Product171,Description171,54.75647153394231,32,Category0,Tag2
Product172,Description172,48.24455889163303,69,Category1,Tag0
Product173,Description173,19.44113506110773,56,Category2,Tag1
Product174,Description174,23.706846484852885,70,Category3,Tag2
Product175,Description175,27.911083615437626,13,Category4,Tag0
Product176,Description176,78.44748288454109,50,Category0,Tag1
Product177,Description177,14.089821178593525,32,Category1,Tag2
Product178,Description178,80.38372408047468,95,Category2,Tag0
Product179,Description179,41.76439724618818,4,Category3,Tag1
Product180,Description180,46.00523597918153,60,Category4,Tag2
Product181,Description181,35.431776893303415,71,Category0,Tag0
Product182,Description182,78.99344106754596,26,Category1,Tag1
Product183,Description183,96.59587407514954,33,Category2,Tag2
Product184,Description184,82.55691111316594,18,Category3,Tag0
Product185,Description185,84.8733211148234,58,Category4,Tag1
Product186,Description186,31.36969830114865,72,Category0,Tag2
Product187,Description187,36.3050438423076,15,Category1,Tag0
Product188,Description188,68.63168057528335,11,Category2,Tag1
Product189,Description189,63.87969474257501,42,Category3,Tag2
Product190,Description190,79.32443867008934,91,Category4,Tag0
Product191,Description191,12.96197933954831,41,Category0,Tag1
Product192,Description192,86.61996912134086,95,Category1,Tag2
Product193,Description193,36.985230104567485,9,Category2,Tag0
Product194,Description194,14.484935327279247,87,Category3,Tag1
Product195,Description195,87.9037928035304,62,Category4,Tag2
Product196,Description196,51.646122950462214,27,Category0,Tag0
Product197,Description197,55.46819361525497,87,Category1,Tag1
Product198,Description198,94.80200922734832,72,Category2,Tag2
Product199,Description199,80.8933745968842,33,Category3,Tag0
Product200,Description200,12.497467845422234,8,Category4,Tag1
Product201,Description201,18.7091497093431,7,Category0,Tag2
Product202,Description202,49.00734492178286,10,Category1,Tag0
Product203,Description203,84.78591463011792,64,Category2,Tag1
Product204,Description204,59.12808268043725,67,Category3,Tag2
Product205,Description205,55.073567610449494,98,Category4,Tag0
Product206,Description206,45.14434782550219,56,Category0,Tag1
Product207,Description207,95.09819332867211,80,Category1,Tag2
Product208,Description208,71.59559193251917,42,Category2,Tag0
Product209,Description209,60.592142088355786,55,Category3,Tag1
Product210,Description210,75.05847130249032,12,Category4,Tag2
Product211,Description211,18.299904056508428,78,Category0,Tag0
Product212,Description212,35.97459439665235,90,Category1,Tag1
Product213,Description213,86.57013036153813,57,Category2,Tag2
Product214,Description214,84.8253030353985,36,Category3,Tag0
Product215,Description215,45.84439731518088,33,Category4,Tag1
Product216,Description216,75.90940946973566,37,Category0,Tag2
Product217,Description217,72.4482083554026,6,Category1,Tag0
Product218,Description218,30.902812511773984,23,Category2,Tag1
Product219,Description219,41.57076553398716,84,Category3,Tag2
Product220,Description220,28.32781067296181,59,Category4,Tag0
Product221,Description221,97.26399387016708,37,Category0,Tag1
Product222,Description222,63.17142669445991,67,Category1,Tag2
Product223,Description223,81.62640784236362,68,Category2,Tag0
Product224,Description224,99.46196333394833,5,Category3,Tag1
Product225,Description225,17.520851241873853,15,Category4,Tag2
Product226,Description226,71.79439125319935,14,Category0,Tag0
Product227,Description227,29.309183172098656,28,Category1,Tag1
Product228,Description228,22.95699488174758,87,Category2,Tag2
Product229,Description229,95.34880015943388,93,Category3,Tag0
Product230,Description230,83.2821456728187,37,Category4,Tag1
Product231,Description231,72.88494584499819,49,Category0,Tag2
Product232,Description232,17.454347776781397,70,Category1,Tag0
Product233,Description233,83.8239623576706,62,Category2,Tag1
Product234,Description234,98.53799019007731,21,Category3,Tag2
Product235,Description235,95.51702242884573,13,Category4,Tag0
Product236,Description236,92.79797441476221,97,Category0,Tag1
Product237,Description237,65.0755267597815,45,Category1,Tag2
Product238,Description238,88.7265691430476,37,Category2,Tag0
Product239,Description239,80.81054293218179,94,Category3,Tag1
Product240,Description240,84.82686472441213,69,Category4,Tag2
Product241,Description241,66.32282448308581,6,Category0,Tag0
Product242,Description242,63.23913377842542,85,Category1,Tag1
Product243,Description243,30.33151979339929,83,Category2,Tag2
Product244,Description244,20.706648991764553,85,Category3,Tag0
Product245,Description245,42.814728739529954,3,Category4,Tag1
Product246,Description246,82.99588991343187,20,Category0,Tag2
Product247,Description247,55.85686303333289,32,Category1,Tag0
Product248,Description248,43.75368155228729,65,Category2,Tag1
Product249,Description249,29.447105801477672,41,Category3,Tag2
Product250,Description250,34.96097520635794,45,Category4,Tag0
Product251,Description251,16.439978422803783,41,Category0,Tag1
Product252,Description252,26.77413316801972,83,Category1,Tag2
Product253,Description253,92.86348744252007,25,Category2,Tag0
Product254,Description254,83.65322370424614,44,Category3,Tag1
Product255,Description255,70.87322976937293,38,Category4,Tag2
Product256,Description256,70.8531531674019,80,Category0,Tag0
Product257,Description257,17.44535115931259,14,Category1,Tag1
Product258,Description258,19.18798171985906,60,Category2,Tag2
Product259,Description259,89.37375389624175,12,Category3,Tag0
Product260,Description260,26.279647795076574,80,Category4,Tag1
Product261,Description261,84.71060754951027,93,Category0,Tag2
Product262,Description262,41.02309741919514,71,Category1,Tag0
Product263,Description263,83.73639447574801,18,Category2,Tag1
Product264,Description264,59.593230701641964,60,Category3,Tag2
Product265,Description265,60.295430740151446,97,Category4,Tag0
Product266,Description266,72.11535450297299,29,Category0,Tag1
Product267,Description267,64.55477152577242,51,Category1,Tag2
Product268,Description268,15.523292350482254,21,Category2,Tag0
Product269,Description269,53.52246081999923,19,Category3,Tag1
Product270,Description270,30.10069074650342,2,Category4,Tag2
Product271,Description271,74.01983609247999,18,Category0,Tag0
Product272,Description272,21.506173082073992,82,Category1,Tag1
Product273,Description273,25.278136891301404,65,Category2,Tag2
Product274,Description274,73.8398351290975,59,Category3,Tag0
Product275,Description275,37.219732824576184,29,Category4,Tag1
Product276,Description276,91.38433543676445,44,Category0,Tag2
Product277,Description277,12.848184127697351,51,Category1,Tag0
Product278,Description278,54.13636956824213,14,Category2,Tag1
Product279,Description279,27.58455438473159,11,Category3,Tag2
Product280,Description280,21.39899220409275,31,Category4,Tag0
Product281,Description281,88.90108746324918,79,Category0,Tag1
Product282,Description282,33.52165509513454,67,Category1,Tag2
Product283,Description283,99.28665777650158,44,Category2,Tag0
Product284,Description284,17.491677156887036,66,Category3,Tag1
Product285,Description285,42.96680444098559,32,Category4,Tag2
Product286,Description286,19.063874458657374,55,Category0,Tag0
Product287,Description287,52.00853225256559,58,Category1,Tag1
Product288,Description288,46.75589453338036,11,Category2,Tag2
Product289,Description289,90.6277133139234,6,Category3,Tag0
Product290,Description290,54.51901622550207,33,Category4,Tag1
Product291,Description291,29.855380279017595,42,Category0,Tag2
Product292,Description292,25.371673890192895,32,Category1,Tag0
Product293,Description293,99.9101232868409,65,Category2,Tag1
Product294,Description294,69.59096697696653,28,Category3,Tag2
Product295,Description295,24.492743563181023,58,Category4,Tag0
Product296,Description296,89.97619164497368,69,Category0,Tag1
Product297,Description297,38.8211787677315,28,Category1,Tag2
Product298,Description298,28.365671928320292,23,Category2,Tag0
Product299,Description299,93.34798071483351,90,Category3,Tag1
Product300,Description300,22.854488730006793,78,Category4,Tag2
Product301,Description301,38.994098759415515,4,Category0,Tag0
Product302,Description302,60.35921079931347,5,Category1,Tag1
Product303,Description303,12.289803520532699,33,Category2,Tag2
Product304,Description304,23.97593795585319,42,Category3,Tag0
Product305,Description305,80.4556778817199,62,Category4,Tag1
Product306,Description306,53.268772926590664,17,Category0,Tag2
Product307,Description307,21.2972118406026,31,Category1,Tag0
Product308,Description308,44.37369372859884,44,Category2,Tag1
Product309,Description309,42.677756800667446,18,Category3,Tag2
Product310,Description310,49.10494640796267,46,Category4,Tag0
Product311,Description311,63.79702263292593,22,Category0,Tag1
Product312,Description312,97.00383793729249,3,Category1,Tag2
Product313,Description313,89.47760198509762,43,Category2,Tag0
Product314,Description314,65.5483191753631,28,Category3,Tag1
Product315,Description315,60.480326934144635,6,Category4,Tag2
Product316,Description316,98.58483146572794,24,Category0,Tag0
Product317,Description317,75.74244453188582,88,Category1,Tag1
Product318,Description318,93.21642986214331,6,Category2,Tag2
Product319,Description319,26.238868300483528,56,Category3,Tag0
Product320,Description320,31.28169241945836,11,Category4,Tag1
Product321,Description321,14.216653520074837,68,Category0,Tag2
Product322,Description322,51.12116932582635,12,Category1,Tag0
Product323,Description323,81.47272524156031,59,Category2,Tag1
Product324,Description324,97.95718278836426,86,Category3,Tag2
Product325,Description325,11.145687900744644,90,Category4,Tag0
Product326,Description326,86.48247569458476,38,Category0,Tag1
Product327,Description327,53.3345191053311,18,Category1,Tag2
Product328,Description328,22.27695833387774,10,Category2,Tag0
Product329,Description329,91.9521038147503,7,Category3,Tag1
Product330,Description330,28.75173441940594,27,Category4,Tag2
Product331,Description331,37.76027463574562,51,Category0,Tag0
Product332,Description332,32.65898293748743,25,Category1,Tag1
Product333,Description333,47.45258724085217,42,Category2,Tag2
Product334,Description334,69.16585167698273,3,Category3,Tag0
Product335,Description335,63.504413948570736,70,Category4,Tag1
Product336,Description336,61.04971610574548,25,Category0,Tag2
Product337,Description337,28.6318998123068,99,Category1,Tag0
Product338,Description338,47.348071944507005,4,Category2,Tag1
Product339,Description339,96.30111136453571,9,Category3,Tag2
Product340,Description340,37.159846738297546,87,Category4,Tag0
Product341,Description341,93.48416760562304,88,Category0,Tag1
Product342,Description342,91.81003592792453,40,Category1,Tag2
Product343,Description343,56.015374796653965,44,Category2,Tag0
Product344,Description344,51.1886871432504,80,Category3,Tag1
Product345,Description345,53.822461046058635,29,Category4,Tag2
Product346,Description346,36.0763051544822,77,Category0,Tag0
Product347,Description347,65.86717596989764,56,Category1,Tag1
Product348,Description348,32.51521312938728,10,Category2,Tag2
Product349,Description349,77.74579243865858,26,Category3,Tag0
Product350,Description350,91.4009013908383,14,Category4,Tag1
Product351,Description351,18.99712660508798,90,Category0,Tag2
Product352,Description352,24.360578493499226,40,Category1,Tag0
Product353,Description353,85.2345613924302,99,Category2,Tag1
Product354,Description354,98.4978752056162,38,Category3,Tag2
Product355,Description355,19.622716193725672,78,Category4,Tag0
Product356,Description356,20.27607129837174,18,Category0,Tag1
Product357,Description357,29.310192426002338,16,Category1,Tag2
Product358,Description358,27.65517488973051,51,Category2,Tag0
Product359,Description359,49.48368870586934,73,Category3,Tag1
Product360,Description360,64.44443688294459,15,Category4,Tag2
Product361,Description361,13.625754231043608,71,Category0,Tag0
Product362,Description362,60.303294076280245,48,Category1,Tag1
Product363,Description363,43.211404895647775,17,Category2,Tag2
Product364,Description364,85.38331842834323,81,Category3,Tag0
Product365,Description365,73.12839490169316,80,Category4,Tag1
Product366,Description366,77.29553815481502,97,Category0,Tag2
Product367,Description367,61.54139656440254,79,Category1,Tag0
Product368,Description368,89.60736712028454,3,Category2,Tag1
Product369,Description369,47.522436283564865,52,Category3,Tag2
Product370,Description370,54.52271317781852,83,Category4,Tag0
Product371,Description371,69.12570036991826,84,Category0,Tag1
Product372,Description372,35.25953956825919,91,Category1,Tag2
Product373,Description373,66.22824113843728,66,Category2,Tag0
Product374,Description374,85.19751762430752,48,Category3,Tag1
Product375,Description375,24.140881303650914,14,Category4,Tag2
Product376,Description376,54.50027633312697,68,Category0,Tag0
Product377,Description377,78.03463062634825,6,Category1,Tag1
Product378,Description378,48.3377721574349,53,Category2,Tag2
Product379,Description379,72.32153213126186,17,Category3,Tag0
Product380,Description380,20.602089805079753,7,Category4,Tag1
Product381,Description381,71.93396359470415,63,Category0,Tag2
Product382,Description382,53.25626689726779,60,Category1,Tag0
Product383,Description383,15.713707106432704,46,Category2,Tag1
Product384,Description384,71.012035182897,81,Category3,Tag2
Product385,Description385,57.05423845235504,28,Category4,Tag0
Product386,Description386,61.80078427365339,10,Category0,Tag1
Product387,Description387,10.91832187902994,79,Category1,Tag2
Product388,Description388,50.10982951524495,97,Category2,Tag0
Product389,Description389,17.101620958450216,75,Category3,Tag1
Product390,Description390,30.72171757893473,65,Category4,Tag2
Product391,Description391,87.30492260972972,45,Category0,Tag0
Product392,Description392,15.717778422404667,76,Category1,Tag1
Product393,Description393,67.33253620691005,56,Category2,Tag2
Product394,Description394,90.88653396824782,79,Category3,Tag0
Product395,Description395,49.38883814033765,47,Category4,Tag1
Product396,Description396,86.54186521162538,2,Category0,Tag2
Product397,Description397,52.41405562599054,78,Category1,Tag0
Product398,Description398,53.588445414099944,77,Category2,Tag1
Product399,Description399,20.891072891571113,41,Category3,Tag2
Product400,Description400,25.291755846169227,32,Category4,Tag0
Product401,Description401,80.32527151754194,36,Category0,Tag1
Product402,Description402,45.358523209617616,3,Category1,Tag2
Product403,Description403,29.895297243310186,34,Category2,Tag0
Product404,Description404,75.11022965915659,92,Category3,Tag1
Product405,Description405,98.01532940617686,62,Category4,Tag2
Product406,Description406,35.40203073651216,50,Category0,Tag0
Product407,Description407,83.77887615885686,95,Category1,Tag1
Product408,Description408,37.72745771480538,29,Category2,Tag2
Product409,Description409,37.273829833803944,77,Category3,Tag0
Product410,Description410,35.925690155582515,53,Category4,Tag1
Product411,Description411,60.367614325988235,41,Category0,Tag2
Product412,Description412,77.24937824904625,47,Category1,Tag0
Product413,Description413,46.1884334677238,73,Category2,Tag1
Product414,Description414,57.55654589822808,70,Category3,Tag2
Product415,Description415,54.03301907895025,93,Category4,Tag0
Product416,Description416,97.21750445014564,44,Category0,Tag1
Product417,Description417,40.7584630726178,26,Category1,Tag2
Product418,Description418,95.0972784281465,28,Category2,Tag0
Product419,Description419,35.5466472987931,30,Category3,Tag1
Product420,Description420,73.28392549653546,29,Category4,Tag2
Product421,Description421,39.39139079602431,91,Category0,Tag0
Product422,Description422,13.808200863839678,46,Category1,Tag1
Product423,Description423,65.60215898779872,47,Category2,Tag2
Product424,Description424,93.99302220834116,60,Category3,Tag0
Product425,Description425,87.91471713388137,56,Category4,Tag1
Product426,Description426,32.01260550586536,43,Category0,Tag2
Product427,Description427,19.529690870821067,55,Category1,Tag0
Product428,Description428,16.432090013445787,48,Category2,Tag1
Product429,Description429,75.76573136260762,91,Category3,Tag2
Product430,Description430,61.31809205631556,53,Category4,Tag0
Product431,Description431,65.22050817363875,32,Category0,Tag1
Product432,Description432,17.30703381452414,27,Category1,Tag2
Product433,Description433,82.6466933245115,43,Category2,Tag0
Product434,Description434,13.32920850206439,96,Category3,Tag1
Product435,Description435,35.357514444121435,77,Category4,Tag2
Product436,Description436,37.9357578213129,40,Category0,Tag0
Product437,Description437,95.2175810195424,84,Category1,Tag1
Product438,Description438,99.06235103973115,2,Category2,Tag2
Product439,Description439,86.25799723623423,64,Category3,Tag0
Product440,Description440,30.06862559881251,40,Category4,Tag1
Product441,Description441,52.500952712943345,82,Category0,Tag2
Product442,Description442,89.99691036199883,49,Category1,Tag0
Product443,Description443,68.87161658466911,52,Category2,Tag1
Product444,Description444,28.89917929359414,54,Category3,Tag2
Product445,Description445,87.3455008469693,37,Category4,Tag0
Product446,Description446,43.91092489982355,70,Category0,Tag1
Product447,Description447,67.47527558781334,42,Category1,Tag2
Product448,Description448,27.3944390199437,11,Category2,Tag0
Product449,Description449,86.38235208553218,13,Category3,Tag1
Product450,Description450,83.42705102764822,22,Category4,Tag2
Product451,Description451,90.44733531609802,63,Category0,Tag0
Product452,Description452,38.64674907011278,57,Category1,Tag1
Product453,Description453,37.850513634584814,76,Category2,Tag2
Product454,Description454,45.07656086918864,88,Category3,Tag0
Product455,Description455,67.11048755226643,2,Category4,Tag1
Product456,Description456,98.54128906342726,68,Category0,Tag2
Product457,Description457,41.99824893062517,54,Category1,Tag0
Product458,Description458,14.185218280849064,4,Category2,Tag1
Product459,Description459,39.27295400823297,61,Category3,Tag2
Product460,Description460,22.076392109812904,27,Category4,Tag0
Product461,Description461,72.6125562679212,77,Category0,Tag1
Product462,Description462,58.973512323511876,63,Category1,Tag2
Product463,Description463,84.88297354542031,51,Category2,Tag0
Product464,Description464,82.31848826440486,65,Category3,Tag1
Product465,Description465,96.81007056101355,93,Category4,Tag2
Product466,Description466,11.892482220740783,76,Category0,Tag0
Product467,Description467,10.596834989970343,96,Category1,Tag1
Product468,Description468,59.58856599238385,81,Category2,Tag2
Product469,Description469,78.35399087167742,98,Category3,Tag0
Product470,Description470,48.80081985397334,48,Category4,Tag1
Product471,Description471,56.34471506167109,21,Category0,Tag2
Product472,Description472,70.15069816390636,44,Category1,Tag0
Product473,Description473,53.351301637252305,86,Category2,Tag1
Product474,Description474,86.51428775939765,88,Category3,Tag2
Product475,Description475,76.8040930063659,78,Category4,Tag0
Product476,Description476,92.7119157091949,61,Category0,Tag1
Product477,Description477,55.734562965178654,87,Category1,Tag2
Product478,Description478,76.3779669578267,14,Category2,Tag0
Product479,Description479,65.54361851353623,10,Category3,Tag1
Product480,Description480,48.47193025599916,55,Category4,Tag2
Product481,Description481,19.03855191160161,10,Category0,Tag0
Product482,Description482,38.64774821469999,97,Category1,Tag1
Product483,Description483,48.31129036226742,50,Category2,Tag2
Product484,Description484,16.525119467348723,42,Category3,Tag0
Product485,Description485,24.83357178355009,34,Category4,Tag1
Product486,Description486,17.911041019664133,21,Category0,Tag2
Product487,Description487,53.18335083208678,68,Category1,Tag0
Product488,Description488,13.078552640830098,36,Category2,Tag1
Product489,Description489,22.057414686741506,59,Category3,Tag2
Product490,Description490,29.787293773279995,68,Category4,Tag0
Product491,Description491,60.08204945192206,63,Category0,Tag1
Product492,Description492,76.3905028172178,92,Category1,Tag2
Product493,Description493,94.27382453444211,22,Category2,Tag0
Product494,Description494,30.45548137333717,77,Category3,Tag1
Product495,Description495,68.37271429729932,19,Category4,Tag2
Product496,Description496,42.45393797642837,30,Category0,Tag0
Product497,Description497,18.5474490442853,80,Category1,Tag1
Product498,Description498,42.855229277678916,90,Category2,Tag2
Product499,Description499,94.06846913504388,99,Category3,Tag0
Product500,Description500,91.3684865317793,54,Category4,Tag1
Product501,Description501,33.728294005810056,55,Category0,Tag2
Product502,Description502,91.86683532782406,16,Category1,Tag0
Product503,Description503,32.65319099065836,22,Category2,Tag1
Product504,Description504,94.89966061729986,75,Category3,Tag2
Product505,Description505,12.140623567522988,44,Category4,Tag0
Product506,Description506,98.52787654781395,78,Category0,Tag1
Product507,Description507,47.072667656601624,15,Category1,Tag2
Product508,Description508,99.97298779150265,47,Category2,Tag0
Product509,Description509,15.224183009183099,22,Category3,Tag1
Product510,Description510,13.993857864150776,88,Category4,Tag2
Product511,Description511,65.27654531106919,21,Category0,Tag0
Product512,Description512,75.56789592372832,56,Category1,Tag1
Product513,Description513,24.92522903381443,93,Category2,Tag2
Product514,Description514,54.0696749449647,92,Category3,Tag0
Product515,Description515,27.399708823156935,76,Category4,Tag1
Product516,Description516,15.656345382302002,6,Category0,Tag2
Product517,Description517,31.520495319742935,13,Category1,Tag0
Product518,Description518,26.76871018624583,7,Category2,Tag1
Product519,Description519,18.67504232142694,98,Category3,Tag2
Product520,Description520,24.18696370084799,12,Category4,Tag0
Product521,Description521,79.11226844960177,49,Category0,Tag1
Product522,Description522,68.50670103101828,88,Category1,Tag2
Product523,Description523,52.237677727011366,70,Category2,Tag0
Product524,Description524,59.57843321826881,58,Category3,Tag1
Product525,Description525,69.88397563724891,47,Category4,Tag2
Product526,Description526,39.68680903140907,29,Category0,Tag0
Product527,Description527,72.72503831422401,36,Category1,Tag1
Product528,Description528,82.40670609137977,66,Category2,Tag2
Product529,Description529,91.07394647706663,37,Category3,Tag0
Product530,Description530,21.027742450124098,0,Category4,Tag1
Product531,Description531,30.952554943923996,66,Category0,Tag2
Product532,Description532,96.81809299354032,43,Category1,Tag0
Product533,Description533,36.82464667478574,35,Category2,Tag1
Product534,Description534,26.944409349703086,55,Category3,Tag2
Product535,Description535,75.75043192367995,14,Category4,Tag0
Product536,Description536,31.26267176117806,43,Category0,Tag1
Product537,Description537,84.00396594004839,77,Category1,Tag2
Product538,Description538,18.495173701604937,24,Category2,Tag0
Product539,Description539,87.42503924286699,68,Category3,Tag1
Product540,Description540,19.226031833429982,60,Category4,Tag2
Product541,Description541,23.77599628729056,76,Category0,Tag0
Product542,Description542,73.21474327416763,82,Category1,Tag1
Product543,Description543,89.24565024387891,35,Category2,Tag2
Product544,Description544,84.26781778056474,93,Category3,Tag0
Product545,Description545,52.216883286918666,4,Category4,Tag1
Product546,Description546,42.87956371019094,76,Category0,Tag2
Product547,Description547,57.1834167758162,64,Category1,Tag0
Product548,Description548,53.59686494954531,96,Category2,Tag1
Product549,Description549,35.31616901319615,32,Category3,Tag2
Product550,Description550,48.69405551252152,81,Category4,Tag0
Product551,Description551,22.018531675957586,71,Category0,Tag1
Product552,Description552,90.08772807083332,64,Category1,Tag2
Product553,Description553,29.058894305767872,16,Category2,Tag0
Product554,Description554,70.30102402990703,75,Category3,Tag1
Product555,Description555,72.40099896622708,59,Category4,Tag2
Product556,Description556,37.75401102606227,78,Category0,Tag0
Product557,Description557,70.32538973872718,81,Category1,Tag1
Product558,Description558,74.6366892805374,37,Category2,Tag2
Product559,Description559,57.86171194889078,9,Category3,Tag0
Product560,Description560,80.64013973894404,24,Category4,Tag1
Product561,Description561,11.544971193213303,86,Category0,Tag2
Product562,Description562,40.16701951674878,79,Category1,Tag0
Product563,Description563,89.82864978725195,81,Category2,Tag1
Product564,Description564,29.494606342701537,29,Category3,Tag2
Product565,Description565,62.46113549617858,9,Category4,Tag0
Product566,Description566,24.123790757172507,35,Category0,Tag1
Product567,Description567,38.95677709858553,93,Category1,Tag2
Product568,Description568,45.78173329495624,37,Category2,Tag0
Product569,Description569,68.16734883191187,56,Category3,Tag1
Product570,Description570,55.640436787308936,90,Category4,Tag2
Product571,Description571,53.4223214713274,23,Category0,Tag0
Product572,Description572,24.13270168656278,57,Category1,Tag1
Product573,Description573,49.50641146754927,60,Category2,Tag2
Product574,Description574,77.27309307240664,90,Category3,Tag0
Product575,Description575,94.99867405804464,3,Category4,Tag1
Product576,Description576,94.5050578276254,75,Category0,Tag2
Product577,Description577,51.83796183345201,41,Category1,Tag0
Product578,Description578,25.353397237829533,28,Category2,Tag1
Product579,Description579,74.80253049822028,10,Category3,Tag2
Product580,Description580,75.60742876026094,60,Category4,Tag0
Product581,Description581,91.50783214454331,77,Category0,Tag1
Product582,Description582,55.49762645162218,79,Category1,Tag2
Product583,Description583,45.49859348765485,85,Category2,Tag0
Product584,Description584,94.76557785098403,55,Category3,Tag1
Product585,Description585,87.63249079196197,54,Category4,Tag2
Product586,Description586,10.901413688394099,55,Category0,Tag0
Product587,Description587,20.747109004516854,49,Category1,Tag1
Product588,Description588,63.788946908138605,34,Category2,Tag2
Product589,Description589,45.169005992107664,98,Category3,Tag0
Product590,Description590,85.7591142039783,63,Category4,Tag1
Product591,Description591,79.88167472850321,95,Category0,Tag2
Product592,Description592,99.69371067472775,57,Category1,Tag0
Product593,Description593,24.89624661920744,46,Category2,Tag1
Product594,Description594,85.20913012849664,34,Category3,Tag2
Product595,Description595,37.670544275186735,53,Category4,Tag0
Product596,Description596,86.7183774022587,11,Category0,Tag1
Product597,Description597,66.70108318702538,67,Category1,Tag2
Product598,Description598,13.037139421592574,89,Category2,Tag0
Product599,Description599,46.841677397362986,97,Category3,Tag1
Product600,Description600,97.0189238649359,49,Category4,Tag2
Product601,Description601,35.35224066287911,14,Category0,Tag0
Product602,Description602,83.35306061966038,59,Category1,Tag1
Product603,Description603,78.48267147552092,58,Category2,Tag2
Product604,Description604,61.05905588984123,69,Category3,Tag0
Product605,Description605,57.25612901511579,45,Category4,Tag1
Product606,Description606,47.448166066830375,35,Category0,Tag2
Product607,Description607,60.9478842245942,53,Category1,Tag0
Product608,Description608,31.042736458927262,47,Category2,Tag1
Product609,Description609,23.119298636960465,64,Category3,Tag2
Product610,Description610,19.858308636631037,14,Category4,Tag0
Product611,Description611,27.346425670473607,86,Category0,Tag1
Product612,Description612,37.01486547918803,10,Category1,Tag2
Product613,Description613,84.18030675326432,90,Category2,Tag0
Product614,Description614,61.59875750642369,20,Category3,Tag1
Product615,Description615,90.720257743025,37,Category4,Tag2
Product616,Description616,92.44476143470344,70,Category0,Tag0
Product617,Description617,39.00324375521273,6,Category1,Tag1
Product618,Description618,74.85549167951132,32,Category2,Tag2
Product619,Description619,32.668843443518185,36,Category3,Tag0
Product620,Description620,85.38749263138347,84,Category4,Tag1
Product621,Description621,67.62274697999652,7,Category0,Tag2
Product622,Description622,83.84535573548078,57,Category1,Tag0
Product623,Description623,78.29705613130028,1,Category2,Tag1
Product624,Description624,10.59066406851027,5,Category3,Tag2
Product625,Description625,90.0666515098489,62,Category4,Tag0
Product626,Description626,45.79063565025046,37,Category0,Tag1
Product627,Description627,88.16139259368695,24,Category1,Tag2
Product628,Description628,24.29791267368082,69,Category2,Tag0
Product629,Description629,25.522195805183337,55,Category3,Tag1
Product630,Description630,64.15827735966349,77,Category4,Tag2
Product631,Description631,16.41480136547539,32,Category0,Tag0
Product632,Description632,95.83318780307471,58,Category1,Tag1
Product633,Description633,96.31285151548964,2,Category2,Tag2
Product634,Description634,41.625016108522146,79,Category3,Tag0
Product635,Description635,95.99524856183912,68,Category4,Tag1
Product636,Description636,41.388467887579964,4,Category0,Tag2
Product637,Description637,40.66747481707084,69,Category1,Tag0
Product638,Description638,21.2505126503275,60,Category2,Tag1
Product639,Description639,93.7037341175566,43,Category3,Tag2
Product640,Description640,45.557154403244105,50,Category4,Tag0
Product641,Description641,89.33735730418108,56,Category0,Tag1
Product642,Description642,32.6435328366866,58,Category1,Tag2
Product643,Description643,34.95401459693457,32,Category2,Tag0
Product644,Description644,14.05039049983829,87,Category3,Tag1
Product645,Description645,41.38903218856117,72,Category4,Tag2
Product646,Description646,62.53233145153659,66,Category0,Tag0
Product647,Description647,14.272561177631822,50,Category1,Tag1
Product648,Description648,57.41663482145572,93,Category2,Tag2
Product649,Description649,43.00503795359728,1,Category3,Tag0
Product650,Description650,61.10932816843533,7,Category4,Tag1
Product651,Description651,20.05087951102545,64,Category0,Tag2
Product652,Description652,95.38764475976843,36,Category1,Tag0
Product653,Description653,52.487755322868196,28,Category2,Tag1
Product654,Description654,72.29050918115541,94,Category3,Tag2
Product655,Description655,22.21451656107812,65,Category4,Tag0
Product656,Description656,96.34723891305335,84,Category0,Tag1
Product657,Description657,43.60387126426177,5,Category1,Tag2
Product658,Description658,76.05907069050323,97,Category2,Tag0
Product659,Description659,88.32913979760113,16,Category3,Tag1
Product660,Description660,97.23148175244553,47,Category4,Tag2
Product661,Description661,65.24348377153372,46,Category0,Tag0
Product662,Description662,98.26648401479277,36,Category1,Tag1
Product663,Description663,66.01244849774719,35,Category2,Tag2
Product664,Description664,88.50870068309474,29,Category3,Tag0
Product665,Description665,76.50623669727311,76,Category4,Tag1
Product666,Description666,89.52735330839195,8,Category0,Tag2
Product667,Description667,18.504481143566604,89,Category1,Tag0
Product668,Description668,73.56112572150022,50,Category2,Tag1
Product669,Description669,44.76954564192144,54,Category3,Tag2
Product670,Description670,42.52054426316966,51,Category4,Tag0
Product671,Description671,61.85387287682232,3,Category0,Tag1
Product672,Description672,85.32280070339482,47,Category1,Tag2
Product673,Description673,18.136286013368412,49,Category2,Tag0
Product674,Description674,11.420419382195671,53,Category3,Tag1
Product675,Description675,29.734338825335303,68,Category4,Tag2
Product676,Description676,28.164495859458796,46,Category0,Tag0
Product677,Description677,69.590907974521,84,Category1,Tag1
Product678,Description678,89.11962394077148,40,Category2,Tag2
Product679,Description679,48.58762165515132,97,Category3,Tag0
Product680,Description680,84.21879588407096,84,Category4,Tag1
Product681,Description681,65.99696112947322,65,Category0,Tag2
Product682,Description682,46.12846866519691,31,Category1,Tag0
Product683,Description683,27.114157843679855,41,Category2,Tag1
Product684,Description684,29.288918715364584,16,Category3,Tag2
Product685,Description685,72.12244178696864,12,Category4,Tag0
Product686,Description686,38.77408845488135,17,Category0,Tag1
Product687,Description687,10.461893073690282,76,Category1,Tag2
Product688,Description688,69.58343658414023,25,Category2,Tag0
Product689,Description689,85.65286367497733,96,Category3,Tag1
Product690,Description690,85.77249905952515,26,Category4,Tag2
Product691,Description691,48.5022789176268,60,Category0,Tag0
Product692,Description692,71.3852788459553,82,Category1,Tag1
Product693,Description693,99.71002708101827,12,Category2,Tag2
Product694,Description694,49.07437795307999,8,Category3,Tag0
Product695,Description695,56.87927314356089,73,Category4,Tag1
Product696,Description696,57.73478286018228,39,Category0,Tag2
Product697,Description697,41.895221944478905,89,Category1,Tag0
Product698,Description698,12.725759953303482,19,Category2,Tag1
Product699,Description699,78.96463851071765,86,Category3,Tag2
Product700,Description700,59.84007626977326,36,Category4,Tag0
Product701,Description701,44.07116039881928,77,Category0,Tag1
Product702,Description702,98.44117032698465,35,Category1,Tag2
Product703,Description703,61.187443594451466,1,Category2,Tag0
Product704,Description704,13.498909852589824,89,Category3,Tag1
Product705,Description705,31.83279458704817,40,Category4,Tag2
Product706,Description706,77.73152065855813,90,Category0,Tag0
Product707,Description707,85.50748185676257,67,Category1,Tag1
Product708,Description708,78.81837916894992,16,Category2,Tag2
Product709,Description709,42.332960412267994,12,Category3,Tag0
Product710,Description710,62.303199325228526,14,Category4,Tag1
Product711,Description711,72.9950161249381,34,Category0,Tag2
Product712,Description712,93.16578505982854,23,Category1,Tag0
Product713,Description713,50.35762536563416,50,Category2,Tag1
Product714,Description714,99.55802675634499,85,Category3,Tag2
Product715,Description715,95.8306288867483,43,Category4,Tag0
Product716,Description716,85.00667643882268,66,Category0,Tag1
Product717,Description717,55.41435226770352,37,Category1,Tag2
Product718,Description718,51.354696496580665,20,Category2,Tag0
Product719,Description719,10.660158572705244,93,Category3,Tag1
Product720,Description720,59.235377114427266,50,Category4,Tag2
Product721,Description721,13.327133075123065,89,Category0,Tag0
Product722,Description722,27.68811934559311,59,Category1,Tag1
Product723,Description723,80.58590770628678,12,Category2,Tag2
Product724,Description724,41.14814308769995,97,Category3,Tag0
Product725,Description725,99.23553441108926,61,Category4,Tag1
Product726,Description726,74.0198400469181,98,Category0,Tag2
Product727,Description727,22.44532774854348,15,Category1,Tag0
Product728,Description728,16.437380440294334,45,Category2,Tag1
Product729,Description729,10.884121433571794,40,Category3,Tag2
Product730,Description730,91.03519358203326,90,Category4,Tag0
Product731,Description731,29.064725540581108,41,Category0,Tag1
Product732,Description732,52.803848231239805,81,Category1,Tag2
Product733,Description733,81.16163530140611,3,Category2,Tag0
Product734,Description734,48.46449259196223,87,Category3,Tag1
Product735,Description735,46.36469329375902,39,Category4,Tag2
Product736,Description736,56.01758351053713,71,Category0,Tag0
Product737,Description737,72.60383292207838,88,Category1,Tag1
Product738,Description738,93.10872806114831,38,Category2,Tag2
Product739,Description739,43.365778477170835,79,Category3,Tag0
Product740,Description740,69.75196319026168,35,Category4,Tag1
Product741,Description741,78.1988054264617,9,Category0,Tag2
Product742,Description742,33.645878469131034,20,Category1,Tag0
Product743,Description743,19.97148026301448,44,Category2,Tag1
Product744,Description744,76.2313410659307,33,Category3,Tag2
Product745,Description745,57.612311759359,47,Category4,Tag0
Product746,Description746,87.42184740943114,41,Category0,Tag1
Product747,Description747,45.908278983989845,27,Category1,Tag2
Product748,Description748,69.85302843643971,41,Category2,Tag0
Product749,Description749,84.75984224912341,10,Category3,Tag1
Product750,Description750,53.97875008623999,62,Category4,Tag2
Product751,Description751,92.24069514477395,46,Category0,Tag0
Product752,Description752,11.369194230793395,57,Category1,Tag1
Product753,Description753,36.46282562421079,91,Category2,Tag2
Product754,Description754,36.23993821419382,53,Category3,Tag0
Product755,Description755,59.658108492251735,60,Category4,Tag1
Product756,Description756,38.062843682636284,40,Category0,Tag2
Product757,Description757,46.3027316668426,13,Category1,Tag0
Product758,Description758,48.222006979958124,55,Category2,Tag1
Product759,Description759,90.29840330451827,49,Category3,Tag2
Product760,Description760,79.46211569072872,98,Category4,Tag0
Product761,Description761,67.3872868219724,53,Category0,Tag1
Product762,Description762,51.013566466493195,89,Category1,Tag2
Product763,Description763,29.6236835851671,96,Category2,Tag0
Product764,Description764,66.56562233884961,57,Category3,Tag1
Product765,Description765,80.81936080806166,34,Category4,Tag2
Product766,Description766,40.15256829668067,33,Category0,Tag0
Product767,Description767,24.031911464983274,15,Category1,Tag1
Product768,Description768,90.07347746986035,18,Category2,Tag2
Product769,Description769,87.5570861997199,89,Category3,Tag0
Product770,Description770,44.02047555178638,89,Category4,Tag1
Product771,Description771,98.05535222638339,2,Category0,Tag2
Product772,Description772,33.728459793163346,37,Category1,Tag0
Product773,Description773,53.01294319541158,39,Category2,Tag1
Product774,Description774,46.49375509407419,66,Category3,Tag2
Product775,Description775,21.585910350466875,32,Category4,Tag0
Product776,Description776,28.282241814217684,87,Category0,Tag1
Product777,Description777,70.19290823950361,68,Category1,Tag2
Product778,Description778,57.86072676871724,34,Category2,Tag0
Product779,Description779,24.34650656559674,52,Category3,Tag1
Product780,Description780,69.7442867444831,82,Category4,Tag2
Product781,Description781,76.05156075116226,58,Category0,Tag0
Product782,Description782,36.40327581748587,59,Category1,Tag1
Product783,Description783,28.40788354636385,32,Category2,Tag2
Product784,Description784,69.09650067114362,35,Category3,Tag0
Product785,Description785,70.75562092209012,32,Category4,Tag1
Product786,Description786,12.505514782961331,51,Category0,Tag2
Product787,Description787,43.886631696993625,72,Category1,Tag0
Product788,Description788,95.43393725985905,48,Category2,Tag1
Product789,Description789,73.02153905914665,8,Category3,Tag2
Product790,Description790,96.60133172067589,49,Category4,Tag0
Product791,Description791,31.85171059361869,74,Category0,Tag1
Product792,Description792,18.108887445942393,49,Category1,Tag2
Product793,Description793,20.030467872026975,9,Category2,Tag0
Product794,Description794,18.594501448219734,27,Category3,Tag1
Product795,Description795,38.05590625273471,58,Category4,Tag2
Product796,Description796,17.71897897717271,93,Category0,Tag0
Product797,Description797,14.628197102360655,11,Category1,Tag1
Product798,Description798,16.932230741165792,48,Category2,Tag2
Product799,Description799,42.38166564158157,25,Category3,Tag0
Product800,Description800,69.21504515564948,50,Category4,Tag1
Product801,Description801,28.68429022847745,48,Category0,Tag2
Product802,Description802,30.608013955668106,54,Category1,Tag0
Product803,Description803,50.177953511939265,95,Category2,Tag1
Product804,Description804,70.75549371408783,22,Category3,Tag2
Product805,Description805,81.30284768443337,66,Category4,Tag0
Product806,Description806,22.803293508749338,40,Category0,Tag1
Product807,Description807,71.13968817636935,10,Category1,Tag2
Product808,Description808,58.66368023370516,97,Category2,Tag0
Product809,Description809,36.83068277142688,18,Category3,Tag1
Product810,Description810,84.40969313597209,84,Category4,Tag2
Product811,Description811,69.56177936732763,50,Category0,Tag0
Product812,Description812,55.63499630341474,31,Category1,Tag1
Product813,Description813,56.67375784622696,79,Category2,Tag2
Product814,Description814,83.53275912580305,23,Category3,Tag0
Product815,Description815,22.046994760262102,90,Category4,Tag1
Product816,Description816,86.59141774569599,47,Category0,Tag2
Product817,Description817,73.28045683144168,12,Category1,Tag0
Product818,Description818,50.461744556393526,26,Category2,Tag1
Product819,Description819,57.76589173094918,65,Category3,Tag2
Product820,Description820,93.91216993992133,96,Category4,Tag0
Product821,Description821,15.345088348290048,66,Category0,Tag1
Product822,Description822,49.16370090625726,6,Category1,Tag2
Product823,Description823,14.706834500786178,95,Category2,Tag0
Product824,Description824,52.51804363684233,85,Category3,Tag1
Product825,Description825,92.48496387108666,88,Category4,Tag2
Product826,Description826,96.75914057804893,85,Category0,Tag0
Product827,Description827,77.90706404843061,99,Category1,Tag1
Product828,Description828,21.010187664712706,75,Category2,Tag2
Product829,Description829,11.101682078768444,30,Category3,Tag0
Product830,Description830,72.76396794373487,64,Category4,Tag1
Product831,Description831,22.158360168691395,95,Category0,Tag2
Product832,Description832,10.037351739741606,50,Category1,Tag0
Product833,Description833,62.6973394270688,5,Category2,Tag1
Product834,Description834,84.210728506111,21,Category3,Tag2
Product835,Description835,59.21312183711458,58,Category4,Tag0
Product836,Description836,44.7828028808574,32,Category0,Tag1
Product837,Description837,32.018881257299036,1,Category1,Tag2
Product838,Description838,80.63247218487442,57,Category2,Tag0
Product839,Description839,55.00231086032355,65,Category3,Tag1
Product840,Description840,98.13621590463192,2,Category4,Tag2
Product841,Description841,26.581849704959016,16,Category0,Tag0
Product842,Description842,61.81434846580468,72,Category1,Tag1
Product843,Description843,85.08363370108816,25,Category2,Tag2
Product844,Description844,92.17850249722315,90,Category3,Tag0
Product845,Description845,96.50538825249537,79,Category4,Tag1
Product846,Description846,79.17005911188838,37,Category0,Tag2
Product847,Description847,80.57740575007253,42,Category1,Tag0
Product848,Description848,32.209172495513485,99,Category2,Tag1
Product849,Description849,25.394050628435764,83,Category3,Tag2
Product850,Description850,39.52973052955729,29,Category4,Tag0
Product851,Description851,93.67429203299993,30,Category0,Tag1
Product852,Description852,63.05545831496893,12,Category1,Tag2
Product853,Description853,49.04352593841631,83,Category2,Tag0
Product854,Description854,24.44860980735377,0,Category3,Tag1
Product855,Description855,82.7120452136843,12,Category4,Tag2
Product856,Description856,46.9081172263697,67,Category0,Tag0
Product857,Description857,79.93462150353326,29,Category1,Tag1
Product858,Description858,53.247031369410436,91,Category2,Tag2
Product859,Description859,85.46024927342671,19,Category3,Tag0
Product860,Description860,94.73708735133674,17,Category4,Tag1
Product861,Description861,96.31504848081407,70,Category0,Tag2
Product862,Description862,78.72488150984955,65,Category1,Tag0
Product863,Description863,14.1091000588457,19,Category2,Tag1
Product864,Description864,35.47644344702983,43,Category3,Tag2
Product865,Description865,45.747232374523215,74,Category4,Tag0
Product866,Description866,38.68054322301292,72,Category0,Tag1
Product867,Description867,62.360645991580796,39,Category1,Tag2
Product868,Description868,73.87649049285727,69,Category2,Tag0
Product869,Description869,13.512010896451198,18,Category3,Tag1
Product870,Description870,67.2959939664504,44,Category4,Tag2
Product871,Description871,19.64233699400318,6,Category0,Tag0
Product872,Description872,56.16429512794256,40,Category1,Tag1
Product873,Description873,86.4859567580548,26,Category2,Tag2
Product874,Description874,39.38628445713151,66,Category3,Tag0
Product875,Description875,87.82095878001745,49,Category4,Tag1
Product876,Description876,23.614110513700503,10,Category0,Tag2
Product877,Description877,26.93104520208754,71,Category1,Tag0
Product878,Description878,99.1813871484836,11,Category2,Tag1
Product879,Description879,64.75111996669075,33,Category3,Tag2
Product880,Description880,65.70624434336995,97,Category4,Tag0
Product881,Description881,58.02023995088546,22,Category0,Tag1
Product882,Description882,18.40870592151304,29,Category1,Tag2
Product883,Description883,16.75183164405869,74,Category2,Tag0
Product884,Description884,83.86642184904659,12,Category3,Tag1
Product885,Description885,22.435653455268444,22,Category4,Tag2
Product886,Description886,26.14141700193332,93,Category0,Tag0
Product887,Description887,28.71587846768337,44,Category1,Tag1
Product888,Description888,32.665107446466465,55,Category2,Tag2
Product889,Description889,76.67561547228748,64,Category3,Tag0
Product890,Description890,63.3060470793444,76,Category4,Tag1
Product891,Description891,98.41242844206418,26,Category0,Tag2
Product892,Description892,40.87450053388053,7,Category1,Tag0
Product893,Description893,60.045056226711026,29,Category2,Tag1
Product894,Description894,66.50568212708154,31,Category3,Tag2
Product895,Description895,27.87987133433102,5,Category4,Tag0
Product896,Description896,69.70528881760669,22,Category0,Tag1
Product897,Description897,18.025810000408022,98,Category1,Tag2
Product898,Description898,40.48537122133597,0,Category2,Tag0
Product899,Description899,64.20335103844636,15,Category3,Tag1
Product900,Description900,58.86984159714984,52,Category4,Tag2
Product901,Description901,72.76935352462456,91,Category0,Tag0
Product902,Description902,63.18456760620952,22,Category1,Tag1
Product903,Description903,88.85364038452389,77,Category2,Tag2
Product904,Description904,23.556324007503456,29,Category3,Tag0
Product905,Description905,27.85708123674305,89,Category4,Tag1
Product906,Description906,56.89754440703102,93,Category0,Tag2
Product907,Description907,55.898609683976765,14,Category1,Tag0
Product908,Description908,31.880790257559347,20,Category2,Tag1
Product909,Description909,72.85969172705023,51,Category3,Tag2
Product910,Description910,99.07535262344848,20,Category4,Tag0
Product911,Description911,96.39660266504136,58,Category0,Tag1
Product912,Description912,64.56208336517432,26,Category1,Tag2
Product913,Description913,44.31813348561043,53,Category2,Tag0
Product914,Description914,65.19901323232432,6,Category3,Tag1
Product915,Description915,48.09805835833121,27,Category4,Tag2
Product916,Description916,17.306486144591283,9,Category0,Tag0
Product917,Description917,50.87835819803371,45,Category1,Tag1
Product918,Description918,37.84963785453829,87,Category2,Tag2
Product919,Description919,65.01606329052967,40,Category3,Tag0
Product920,Description920,34.283356627843446,20,Category4,Tag1
Product921,Description921,29.849060820114005,93,Category0,Tag2
Product922,Description922,32.481410084123,28,Category1,Tag0
Product923,Description923,21.62120154645147,36,Category2,Tag1
Product924,Description924,84.9262355046611,67,Category3,Tag2
Product925,Description925,32.41763522855998,14,Category4,Tag0
Product926,Description926,63.821770636505406,94,Category0,Tag1
Product927,Description927,17.357030480113487,31,Category1,Tag2
Product928,Description928,39.63126979651766,64,Category2,Tag0
Product929,Description929,53.25031390782573,82,Category3,Tag1
Product930,Description930,32.60162771342176,51,Category4,Tag2
Product931,Description931,82.19018862835314,48,Category0,Tag0
Product932,Description932,95.49071153660448,69,Category1,Tag1
Product933,Description933,53.907509524186835,26,Category2,Tag2
Product934,Description934,11.248239842135416,84,Category3,Tag0
Product935,Description935,76.17698548123572,81,Category4,Tag1
Product936,Description936,25.45629923891814,42,Category0,Tag2
Product937,Description937,86.20784823186563,40,Category1,Tag0
Product938,Description938,68.01416502514999,78,Category2,Tag1
Product939,Description939,51.06432683721613,65,Category3,Tag2
Product940,Description940,41.957440897986025,91,Category4,Tag0
Product941,Description941,12.751215514692039,99,Category0,Tag1
Product942,Description942,20.996055031954167,48,Category1,Tag2
Product943,Description943,20.10792767831591,43,Category2,Tag0
Product944,Description944,84.40239146477406,98,Category3,Tag1
Product945,Description945,54.73307877108614,62,Category4,Tag2
Product946,Description946,38.81416175187689,15,Category0,Tag0
Product947,Description947,71.2903060908931,97,Category1,Tag1
Product948,Description948,93.78653762909723,66,Category2,Tag2
Product949,Description949,78.01387436897606,74,Category3,Tag0
Product950,Description950,31.043328433474663,76,Category4,Tag1
Product951,Description951,86.50374427307104,60,Category0,Tag2
Product952,Description952,53.15795087345866,60,Category1,Tag0
Product953,Description953,54.30642141145433,93,Category2,Tag1
Product954,Description954,64.44374257707211,32,Category3,Tag2
Product955,Description955,94.92188359121822,78,Category4,Tag0
Product956,Description956,70.50362375926903,59,Category0,Tag1
Product957,Description957,16.063347422312702,8,Category1,Tag2
Product958,Description958,56.738369141249024,74,Category2,Tag0
Product959,Description959,67.45411038340751,14,Category3,Tag1
Product960,Description960,87.99524075603586,72,Category4,Tag2
Product961,Description961,48.03076281752501,28,Category0,Tag0
Product962,Description962,57.195815763422225,57,Category1,Tag1
Product963,Description963,62.939646063329484,60,Category2,Tag2
Product964,Description964,14.965453412982292,25,Category3,Tag0
Product965,Description965,20.923734745618233,1,Category4,Tag1
Product966,Description966,47.143801483383974,58,Category0,Tag2
Product967,Description967,97.51690369881854,91,Category1,Tag0
Product968,Description968,89.68702141537487,67,Category2,Tag1
Product969,Description969,69.80625268769464,48,Category3,Tag2
Product970,Description970,86.26875864607914,64,Category4,Tag0
Product971,Description971,30.66597607981626,68,Category0,Tag1
Product972,Description972,89.42973717885542,91,Category1,Tag2
Product973,Description973,61.65078922735869,43,Category2,Tag0
Product974,Description974,95.13025929817074,39,Category3,Tag1
Product975,Description975,33.87924436689107,25,Category4,Tag2
Product976,Description976,88.52396444048087,13,Category0,Tag0
Product977,Description977,99.43043169267663,55,Category1,Tag1
Product978,Description978,26.6819333456559,88,Category2,Tag2
Product979,Description979,57.22226541189697,54,Category3,Tag0
Product980,Description980,68.63415715459513,19,Category4,Tag1
Product981,Description981,68.77484222379564,23,Category0,Tag2
Product982,Description982,21.159498845677142,55,Category1,Tag0
Product983,Description983,91.50301781205405,11,Category2,Tag1
Product984,Description984,74.22871096037913,33,Category3,Tag2
Product985,Description985,23.607752796265277,80,Category4,Tag0
Product986,Description986,48.85619488001228,43,Category0,Tag1
Product987,Description987,38.01489834014128,3,Category1,Tag2
Product988,Description988,43.63064553726837,99,Category2,Tag0
Product989,Description989,38.78064453916831,33,Category3,Tag1
Product990,Description990,33.90971623379923,79,Category4,Tag2
Product991,Description991,17.343938066021416,49,Category0,Tag0
Product992,Description992,33.07215880321871,93,Category1,Tag1
Product993,Description993,36.120130369319114,28,Category2,Tag2
Product994,Description994,72.0951613245166,77,Category3,Tag0
Product995,Description995,84.36346002880242,98,Category4,Tag1
Product996,Description996,78.09944022081307,35,Category0,Tag2
Product997,Description997,29.704902054814802,14,Category1,Tag0
Product998,Description998,45.04624001296274,56,Category2,Tag1
Product999,Description999,68.95389544711338,75,Category3,Tag2
Product1000,Description1000,45.44484592352593,55,Category4,Tag0
